City_ID,City,Lat,Lng,Max Temp,Humidity,Cloudiness,Wind Speed,Country,Date
0,grytviken,-54.2811,-36.5092,34.41,98,100,10.92,GS,1689959927
1,mount pearl,47.5166,-52.7813,84.45,62,20,17.27,CA,1689959904
2,mtwara,-10.2667,40.1833,79.14,56,100,13.33,TZ,1689960056
3,olonkinbyen,70.9221,-8.7187,41.38,79,100,4.45,SJ,1689959729
4,kodiak,57.79,-152.4072,53.11,82,0,0.0,US,1689959999
5,adamstown,-25.066,-130.1015,69.84,72,50,29.93,PN,1689959927
6,roma,43.2128,-75.4557,75.72,60,100,5.75,US,1689959839
7,isabela,6.7085,121.9711,78.49,89,51,4.34,PH,1689960056
8,fortuna,40.5982,-124.1573,59.67,96,100,3.44,US,1689959780
9,bhimunipatnam,17.8833,83.4333,81.91,82,90,9.28,IN,1689960057
10,ambovombe,-25.1667,46.0833,65.19,66,99,17.9,MG,1689960057
11,roswell,34.0232,-84.3616,89.85,61,0,11.5,US,1689960057
12,laguna,38.421,-121.4238,95.09,43,0,4.61,US,1689960057
13,port-aux-francais,-49.35,70.2167,33.3,60,80,40.35,TF,1689959674
14,cockburn town,21.4612,-71.1419,82.96,78,99,13.24,TC,1689959832
15,la passe,45.5549,-0.8967,75.43,58,2,14.74,FR,1689960058
16,malax,62.9423,21.5731,64.35,68,100,6.91,FI,1689960058
17,nova sintra,14.8667,-24.7167,74.08,83,22,12.44,CV,1689960058
18,fort bragg,35.139,-79.006,93.34,50,20,14.97,US,1689960059
19,waitangi,-43.9535,-176.5597,51.82,94,100,8.01,NZ,1689959925
20,nuku'alofa,-21.1333,-175.2,71.94,94,40,9.22,TO,1689960059
21,kerikeri,-35.2268,173.9474,48.9,87,97,1.01,NZ,1689960035
22,uturoa,-16.7333,-151.4333,76.32,62,84,15.26,PF,1689959939
23,soio,-6.1349,12.3689,72.9,77,39,12.24,AO,1689959856
24,aasiaat,68.7098,-52.8699,40.41,92,100,17.36,GL,1689959845
25,invercargill,-46.4,168.35,32.02,99,20,1.99,NZ,1689959930
26,chonchi,-42.6128,-73.8092,48.11,91,100,7.78,CL,1689959871
27,puerto natales,-51.7236,-72.4875,29.77,94,100,8.55,CL,1689959841
28,al jawf,29.5,38.75,95.52,11,0,4.43,SA,1689960061
29,punta arenas,-53.15,-70.9167,28.51,100,100,6.91,CL,1689959926
30,bambanglipuro,-7.95,110.2833,72.72,85,13,7.65,ID,1689960061
31,anna regina,7.2644,-58.5077,85.33,66,27,9.13,GY,1689960062
32,suntar,62.1444,117.6319,61.14,96,100,3.6,RU,1689960062
33,palu,-0.8917,119.8707,76.03,96,91,2.3,ID,1689960062
34,madimba,-10.4,40.3333,78.73,61,100,14.07,TZ,1689960062
35,qaqortoq,60.7167,-46.0333,44.92,93,97,5.06,GL,1689959991
36,hermanus,-34.4187,19.2345,43.81,66,40,3.78,ZA,1689959745
37,port macquarie,-31.4333,152.9167,47.89,76,14,11.48,AU,1689959816
38,boguchany,58.3814,97.4531,65.23,58,8,3.65,RU,1689959997
39,kikwit,-5.041,18.8162,88.75,27,19,1.7,CD,1689960063
40,nuriootpa,-34.4833,139.0,44.49,86,3,4.38,AU,1689960064
41,alindao,5.0267,21.2088,77.32,81,69,2.55,CF,1689960064
42,lihue,21.9789,-159.3672,80.19,81,75,18.41,US,1689959929
43,iqaluit,63.7506,-68.5145,44.33,93,75,10.0,CA,1689959930
44,lieksa,63.3167,30.0167,52.39,94,100,8.59,FI,1689960065
45,taunggyi,20.7833,97.0333,66.2,96,100,0.76,MM,1689959966
46,wailua homesteads,22.0669,-159.378,79.59,90,75,18.41,US,1689959707
47,edgewood,39.4187,-76.2944,86.34,66,10,3.0,US,1689960065
48,le lavandou,43.137,6.366,96.73,38,0,19.57,FR,1689960066
49,harar,9.3094,42.1258,64.94,70,92,5.86,ET,1689960066
50,touros,-5.1989,-35.4608,83.12,55,49,19.22,BR,1689959819
51,al ghayzah,16.2079,52.176,78.28,89,94,11.79,YE,1689960066
52,mangrol,21.1167,70.1167,82.11,86,99,14.0,IN,1689960066
53,dayrut,27.556,30.8076,98.6,11,0,10.38,EG,1689960067
54,onega,63.9061,38.1404,55.33,99,100,5.82,RU,1689960067
55,haiku-pauwela,20.9219,-156.3051,76.05,79,20,17.27,US,1689959979
56,college,64.8569,-147.8028,66.09,78,0,0.0,US,1689959773
57,necochea,-38.5473,-58.7368,63.25,75,100,16.46,AR,1689959838
58,nizhniy kuranakh,58.8353,125.4869,56.23,98,100,4.38,RU,1689960068
59,tsiombe,-25.3,45.4833,65.86,61,100,14.54,MG,1689959795
60,blackmans bay,-43.0167,147.3167,44.53,88,40,6.82,AU,1689959923
61,bilibino,68.0546,166.4372,61.77,70,98,0.54,RU,1689959677
62,sinabang,2.4803,96.3801,80.02,81,56,3.47,ID,1689960036
63,whakatane,-37.9585,176.9854,50.5,81,100,1.01,NZ,1689960229
64,tazovsky,67.4667,78.7,65.88,63,94,7.99,RU,1689960017
65,crane,31.3974,-102.3501,92.25,28,24,16.49,US,1689960069
66,nadym,65.5333,72.5167,68.16,67,100,12.46,RU,1689960069
67,lent'ekhi,42.7856,42.7261,68.41,97,22,1.86,GE,1689959896
68,rahimah,26.7079,50.0619,98.82,59,67,6.26,SA,1689960069
69,port alfred,-33.5906,26.891,61.43,63,54,17.58,ZA,1689959971
70,barra de santo antonio,-9.4047,-35.5072,81.68,61,6,13.51,BR,1689960070
71,papao,-17.75,-149.55,67.68,64,32,13.53,PF,1689959920
72,essaouira,31.5125,-9.77,85.5,48,2,18.41,MA,1689960070
73,yellowknife,62.456,-114.3525,75.72,50,100,8.01,CA,1689959941
74,iskateley,67.6803,53.1512,55.0,84,76,16.62,RU,1689959707
75,smithers,54.7804,-127.1743,59.32,94,100,5.75,CA,1689960020
76,poronaysk,49.2167,143.1167,59.18,97,70,4.85,RU,1689960071
77,smara,26.7384,-11.6719,92.48,31,0,24.23,EH,1689960071
78,albany,42.6001,-73.9662,79.21,76,55,5.17,US,1689959716
79,keflavik,64.0049,-22.5624,58.91,82,75,18.41,IS,1689960022
80,beira,-19.8436,34.8389,62.69,67,0,6.91,MZ,1689960071
81,lazaro cardenas,17.9583,-102.2,86.92,68,20,2.21,MX,1689959873
82,belidzhi,41.8918,48.4125,76.06,78,1,9.13,RU,1689960072
83,wailea,19.8858,-155.123,73.29,86,75,8.05,US,1689960072
84,utrik,11.2278,169.8474,82.74,79,93,19.53,MH,1689959984
85,wurtulla,-26.7568,153.1256,54.3,66,2,9.78,AU,1689960073
86,fale old settlement,-9.3852,-171.2468,83.14,74,100,8.12,TK,1689960073
87,ribeira grande,38.5167,-28.7,72.0,83,75,4.61,PT,1689959922
88,pacific grove,36.6177,-121.9166,73.81,94,100,11.99,US,1689960232
89,richfield,44.8833,-93.283,82.98,48,75,9.22,US,1689960073
90,ampanihy,-24.7,44.75,61.45,72,67,15.23,MG,1689960074
91,arraial do cabo,-22.9661,-42.0278,75.06,60,20,17.27,BR,1689959941
92,margaret river,-33.95,115.0667,53.58,73,1,4.36,AU,1689959963
93,marquette,46.5333,-87.6335,77.25,70,1,4.0,US,1689960074
94,enewetak,11.3474,162.3373,82.89,80,53,15.79,MH,1689959936
95,ola,59.5833,151.2833,50.14,95,77,7.45,RU,1689959965
96,tiksi,71.6872,128.8694,42.66,73,100,7.78,RU,1689959940
97,stanley,54.868,-1.6985,58.73,82,40,6.91,GB,1689959676
98,san juan de los morros,9.9115,-67.3538,80.64,77,72,6.02,VE,1689960075
99,alaminos,14.0639,121.2465,80.29,95,51,1.59,PH,1689960075
100,lae,-6.7221,146.9847,74.68,90,31,4.21,PG,1689960075
101,papatowai,-46.5619,169.4708,40.87,74,2,11.97,NZ,1689959993
102,bredasdorp,-34.5322,20.0403,48.13,63,37,3.22,ZA,1689959989
103,st ives,50.2086,-5.4875,64.4,72,20,11.5,GB,1689960076
104,oriximina,-1.7656,-55.8661,92.95,39,59,6.08,BR,1689959805
105,sabang,5.8933,95.3214,83.8,75,100,16.42,ID,1689960076
106,carnarvon,-24.8667,113.6333,60.22,33,87,21.59,AU,1689959942
107,hithadhoo,-0.6,73.0833,83.05,78,90,12.06,MV,1689959983
108,la ronge,55.1001,-105.2842,73.62,53,75,3.44,CA,1689960077
109,swan hill,-35.3378,143.5544,40.87,81,11,4.68,AU,1689960077
110,saipan,15.1355,145.701,81.64,100,20,5.75,MP,1689959709
111,dangriga,16.9692,-88.2321,82.42,81,100,2.91,BZ,1689960077
112,damara,4.9608,18.7035,75.52,91,100,1.21,CF,1689960077
113,newman,37.3138,-121.0208,89.94,16,0,6.58,US,1689959937
114,vilyuchinsk,52.9306,158.4028,52.07,93,43,9.31,RU,1689959988
115,selfoss,63.9331,-20.9971,57.04,73,80,11.16,IS,1689959997
116,susuman,62.7833,148.1667,61.02,64,4,6.06,RU,1689960078
117,tokat,40.4167,36.5833,59.38,67,0,4.92,TR,1689960078
118,port elizabeth,-33.918,25.5701,65.1,72,0,10.36,ZA,1689959924
119,howard springs,-12.497,131.047,72.82,65,6,2.01,AU,1689960079
120,san antonio de pale,-1.4014,5.6325,74.01,72,72,8.66,GQ,1689960079
121,petropavlovsk-kamchatsky,53.0452,158.6483,50.59,100,20,4.47,RU,1689959722
122,yaren,-0.5472,166.916,80.76,78,100,6.64,NR,1689960080
123,avarua,-21.2078,-159.775,71.65,68,40,20.71,CK,1689959994
124,uzhur,55.3036,89.8339,61.02,88,92,3.74,RU,1689960080
125,mount gambier,-37.8333,140.7667,48.43,89,100,6.98,AU,1689959941
126,vila franca do campo,37.7167,-25.4333,72.01,88,100,2.01,PT,1689959981
127,taltal,-25.4,-70.4833,64.58,71,100,1.14,CL,1689960081
128,cromwell,41.5951,-72.6454,82.51,82,100,10.36,US,1689960008
129,chibougamau,49.9168,-74.3659,62.22,94,100,4.23,CA,1689960081
130,saint-philippe,-21.3585,55.7679,67.59,78,37,12.88,RE,1689960081
131,gonzaga,44.9498,10.8209,83.68,60,4,4.94,IT,1689960082
132,tura,25.5198,90.2201,76.05,96,98,4.59,IN,1689959980
133,hawaiian paradise park,19.5933,-154.9731,72.91,93,75,8.05,US,1689959939
134,ilulissat,69.2167,-51.1,42.82,93,75,5.75,GL,1689959937
135,tan-tan,28.438,-11.1032,75.15,68,20,26.46,MA,1689960083
136,bontang,0.1333,117.5,75.97,91,95,10.13,ID,1689960083
137,nemuro,43.3236,145.575,58.51,97,11,9.71,JP,1689959921
138,shakhtersk,48.0625,38.5167,72.32,60,43,7.07,UA,1689960083
139,lebu,-37.6167,-73.65,53.29,86,100,12.48,CL,1689959967
140,hamilton,39.1834,-84.5333,81.48,62,20,10.36,US,1689959784
141,bethel,41.3712,-73.414,83.48,70,75,13.8,US,1689959670
142,saldanha,-33.0117,17.9442,50.05,57,25,6.89,ZA,1689960084
143,queenstown,-31.8976,26.8753,50.49,67,83,5.26,ZA,1689960084
144,tobelo,1.7284,128.0095,79.0,85,30,6.67,ID,1689960085
145,chizhou,30.6578,117.4831,78.62,92,80,3.02,CN,1689960085
146,longyearbyen,78.2186,15.6401,46.24,81,75,14.97,SJ,1689959938
147,vorkuta,67.5,64.0,69.35,72,90,6.02,RU,1689960085
148,ushuaia,-54.8,-68.3,29.86,69,20,16.11,AR,1689959680
149,flying fish cove,-10.4217,105.6791,74.88,83,100,14.97,CX,1689959774
150,tamanrasset,22.785,5.5228,91.31,11,0,6.91,DZ,1689959822
151,thompson,55.7435,-97.8558,71.76,60,75,12.66,CA,1689959983
152,al muwayh,22.4333,41.7583,96.35,10,100,19.08,SA,1689960086
153,novoagansk,61.9449,76.6625,61.95,94,53,4.29,RU,1689960087
154,urangan,-25.3,152.9,61.75,64,18,7.16,AU,1689960087
155,khairpur tamewah,29.5811,72.2364,102.74,37,28,9.64,PK,1689960087
156,sisimiut,66.9395,-53.6735,42.53,95,100,16.42,GL,1689959993
157,dunedin,-45.8742,170.5036,45.81,73,7,8.01,NZ,1689960088
158,mora,11.0461,14.1401,91.81,36,50,6.26,CM,1689959981
159,pundong,-7.9522,110.3486,72.59,85,12,7.45,ID,1689960088
160,kankaanpaa,61.8,22.4167,63.36,60,96,6.53,FI,1689960088
161,remire-montjoly,4.9167,-52.2667,84.24,74,75,10.36,GF,1689960088
162,afaahiti,-17.75,-149.2833,66.07,64,48,13.27,PF,1689959732
163,edinburgh of the seven seas,-37.0676,-12.3116,53.17,63,84,19.06,SH,1689959926
164,bodaybo,57.8506,114.1933,58.01,90,53,2.42,RU,1689960089
165,georgetown,5.4112,100.3354,83.95,89,20,3.44,MY,1689959872
166,moldava nad bodvou,48.6143,20.9996,68.14,77,0,1.14,SK,1689960089
167,manokwari,-0.8667,134.0833,78.08,79,10,5.1,ID,1689960242
168,st. john's,47.5649,-52.7093,85.28,67,20,17.27,CA,1689959761
169,suva,-18.1416,178.4415,69.28,100,75,3.44,FJ,1689960090
170,ust'-ilimsk,58.0006,102.6619,63.46,62,0,3.13,RU,1689960090
171,timbiqui,2.7717,-77.6654,86.99,69,100,5.66,CO,1689960090
172,whitehorse,60.7161,-135.0538,70.11,59,75,2.3,CA,1689959928
173,westport,41.1415,-73.3579,85.08,73,0,8.05,US,1689959907
174,jamestown,42.097,-79.2353,71.53,73,75,13.8,US,1689959979
175,dompu,-8.5356,118.4622,71.01,94,26,3.18,ID,1689960091
176,alofi,-19.0595,-169.9187,73.29,94,72,14.97,NU,1689959942
177,saint augustine beach,29.8505,-81.2654,97.14,55,0,11.5,US,1689960091
178,tazacorte,28.629,-17.9293,77.97,65,20,19.57,ES,1689959993
179,sambava,-14.2667,50.1667,72.54,86,100,14.27,MG,1689960092
180,gurupi,-11.7292,-49.0686,91.11,20,12,11.68,BR,1689960092
181,canto do buriti,-8.11,-42.9444,90.86,24,4,11.95,BR,1689960092
182,bamboo flat,11.7,92.7167,82.49,89,75,6.91,IN,1689960244
183,geraldton,-28.7667,114.6,45.01,93,4,3.44,AU,1689959844
184,ust-nera,64.5667,143.2,60.53,87,89,4.07,RU,1689959923
185,guerrero negro,27.9769,-114.0611,73.42,66,99,13.62,MX,1689960093
186,tughyl,47.7252,84.2063,76.84,39,81,6.42,KZ,1689960032
187,kharabali,47.4196,47.2568,82.4,45,35,8.97,RU,1689960093
188,weno,7.4515,151.8468,78.75,100,100,0.0,FM,1689960094
189,oujda-angad,34.6805,-1.9076,81.23,36,40,18.41,MA,1689960094
190,carutapera,-1.195,-46.02,82.62,66,26,9.37,BR,1689960245
191,cidreira,-30.1811,-50.2056,67.44,78,1,12.88,BR,1689960094
192,prattville,32.464,-86.4597,93.65,61,40,10.36,US,1689960094
193,anadyr,64.75,177.4833,54.1,93,40,2.24,RU,1689959936
194,constantia,44.1833,28.65,77.7,71,0,10.76,RO,1689959921
195,eyl,7.9803,49.8164,80.83,74,95,27.0,SO,1689960095
196,rio san juan,19.6439,-70.0763,87.13,64,28,14.09,DO,1689960095
197,atafu village,-8.5421,-172.5159,83.43,73,97,9.64,TK,1689959981
198,damghan,36.1683,54.348,89.71,19,1,12.24,IR,1689960095
199,tromso,69.6496,18.957,60.39,77,75,11.5,NO,1689960096
200,buxton,53.2574,-1.9098,63.18,70,89,3.0,GB,1689960096
201,markala,13.7021,-6.0659,100.33,28,89,8.52,ML,1689960096
202,yarmouth,41.7057,-70.2286,79.97,80,0,5.75,US,1689959990
203,port lincoln,-34.7333,135.8667,54.88,74,100,13.04,AU,1689959972
204,mount isa,-20.7333,139.5,58.77,51,0,19.57,AU,1689959986
205,dan sadau,11.2962,6.4952,75.4,80,100,3.31,NG,1689960096
206,talnakh,69.4865,88.3972,69.21,66,96,8.43,RU,1689960097
207,hancheng,32.5186,112.3522,77.65,91,51,5.28,CN,1689960097
208,san luis de la loma,17.2706,-100.8939,90.14,60,27,7.43,MX,1689960097
209,rosa zarate,0.3333,-79.4667,86.23,68,71,4.68,EC,1689960097
210,zouerate,22.7187,-12.4521,110.05,8,0,11.27,MR,1689959907
211,saudarkrokur,65.7461,-19.6394,55.81,73,93,1.03,IS,1689960097
212,klyuchi,52.2667,79.1667,69.49,65,80,8.16,RU,1689959940
213,sao felix do xingu,-6.6447,-51.995,95.5,16,0,5.97,BR,1689960098
214,yeppoon,-23.1333,150.7333,56.98,81,52,5.46,AU,1689960098
215,pangody,65.85,74.4859,67.95,67,96,4.54,RU,1689960098
216,yerofey pavlovich,53.9667,121.9667,52.36,81,37,4.47,RU,1689960098
217,daru,-9.0763,143.2092,76.89,82,100,15.77,PG,1689960098
218,rikaze,29.25,88.8833,64.94,40,34,6.11,CN,1689960099
219,kadinhani,38.2397,32.2114,84.83,26,0,10.02,TR,1689960099
220,ceeldheer,3.8488,47.1806,78.73,79,89,23.82,SO,1689960099
221,oxelosund,58.6706,17.1015,64.78,68,20,8.05,SE,1689960099
222,kudat,6.8837,116.8477,77.29,88,40,3.44,MY,1689960099
223,san patricio,28.017,-97.5169,95.07,40,8,8.84,US,1689959998
224,hilo,19.7297,-155.09,73.13,86,75,8.05,US,1689959660
225,inhambane,-23.865,35.3833,67.98,68,40,8.05,MZ,1689960100
226,mirpur mathelo,28.0227,69.5489,99.66,42,35,13.51,PK,1689960100
227,al qaryatayn,34.2296,37.2407,82.17,33,0,10.89,SY,1689960100
228,kalmunai,7.4167,81.8167,84.43,52,99,11.48,LK,1689960100
229,mersa matruh,31.3525,27.2453,83.71,59,0,9.55,EG,1689960100
230,bechar,31.6167,-2.2167,107.92,7,40,9.22,DZ,1689960100
231,ketchikan,55.3422,-131.6461,61.27,88,100,5.75,US,1689960101
232,acarau,-2.8856,-40.12,87.57,49,6,18.59,BR,1689960101
233,west island,-12.1568,96.8225,76.98,78,40,16.11,CC,1689959678
234,inari,68.906,27.0288,52.0,75,96,13.89,FI,1689960101
235,buriya,30.15,77.35,89.62,56,98,3.04,IN,1689960101
236,vung tau,10.346,107.0843,79.02,88,100,15.17,VN,1689960101
237,holualoa,19.6228,-155.9522,78.87,90,100,4.0,US,1689959942
238,north bend,43.4065,-124.2243,70.27,88,100,11.5,US,1689960102
239,belmopan,17.25,-88.7667,86.38,89,100,3.02,BZ,1689959810
240,sarangani,5.4033,125.4636,81.59,80,80,9.48,PH,1689960102
241,long beach,33.767,-118.1892,91.33,76,0,9.22,US,1689960015
242,ulety,51.3572,112.4849,57.22,63,85,3.2,RU,1689960102
243,puerto ayora,-0.7393,-90.3518,85.96,88,84,5.99,EC,1689959711
244,colares,38.7992,-9.4469,75.45,62,20,18.01,PT,1689960103
245,buka,40.8108,69.1986,82.09,22,0,7.29,UZ,1689960103
246,falmouth,50.1544,-5.0711,64.98,59,75,10.36,GB,1689960103
247,chanika,-5.4167,38.0167,67.01,83,73,5.84,TZ,1689960103
248,greymouth,-42.4667,171.2,34.43,88,17,8.03,NZ,1689959850
249,kingscliff,-28.2667,153.5667,50.77,93,6,2.3,AU,1689960103
250,ust-tsilma,65.441,52.1498,67.33,70,72,3.8,RU,1689960104
251,wanning,18.8003,110.3967,81.01,87,22,1.79,CN,1689959718
252,goondiwindi,-28.55,150.3167,46.18,88,0,9.1,AU,1689960104
253,lianjiang,21.6467,110.2817,78.44,91,86,5.21,CN,1689960001
254,regina,50.4501,-104.6178,76.98,49,40,8.05,CA,1689960053
255,vavuniya,8.7514,80.4971,79.38,76,100,10.2,LK,1689960105
256,nikolayevsk-on-amure,53.1406,140.73,66.49,94,100,0.87,RU,1689960105
257,olinda,-8.0089,-34.8553,83.93,58,40,17.27,BR,1689960101
258,feijo,-8.1642,-70.3536,93.49,34,15,2.95,BR,1689960106
259,tateyama,34.9833,139.8667,73.53,89,23,10.2,JP,1689960106
260,dahab,28.501,34.5134,97.39,23,0,8.25,EG,1689960106
261,badger,64.8,-147.5333,66.0,79,20,0.0,US,1689959937
262,el abiodh sidi cheikh,32.893,0.5484,104.59,7,22,10.07,DZ,1689960107
263,ribeira brava,32.65,-17.0667,79.72,71,10,1.28,PT,1689960107
264,kayangel,8.0823,134.7173,83.44,78,98,15.66,PW,1689960107
265,port mathurin,-19.6833,63.4167,74.5,66,2,18.34,MU,1689959718
266,colonia,50.9333,6.95,69.96,56,0,6.91,DE,1689959962
267,shenjiamen,29.9576,122.298,79.77,92,100,19.84,CN,1689960107
268,el porvenir,13.7617,-87.3458,85.33,44,10,5.08,HN,1689960108
269,mizan teferi,6.9833,35.5833,60.62,97,100,2.19,ET,1689960108
270,riyadh,24.6877,46.7219,104.14,7,100,7.05,SA,1689959909
271,udachny,66.4167,112.4,61.45,82,53,8.88,RU,1689959702
272,arafat,21.3594,39.9664,98.6,17,57,7.31,SA,1689960108
273,hadibu,12.65,54.0333,78.85,77,100,21.54,YE,1689960108
274,alta sierra,35.7291,-118.5495,79.11,18,4,5.57,US,1689960109
275,ishigaki,24.3448,124.1572,82.53,83,20,6.91,JP,1689959840
276,fort mcmurray,56.7268,-111.381,74.79,68,0,2.3,CA,1689960109
277,uacu cungo,-11.3634,15.1208,75.69,29,15,5.35,AO,1689960109
278,ussel,45.55,2.3167,69.6,47,32,5.73,FR,1689960109
279,sitka,57.0531,-135.33,60.69,82,100,9.22,US,1689960035
280,zaozersk,69.4005,32.4476,47.89,84,100,17.76,RU,1689960031
281,rio grande,-32.035,-52.0986,77.11,82,40,14.67,BR,1689959924
282,sarikei,2.1167,111.5167,77.09,92,100,1.7,MY,1689960110
283,tambopata,-12.7333,-69.1833,87.69,58,20,2.3,PE,1689960110
284,datong,40.0936,113.2914,65.03,84,100,5.57,CN,1689960110
285,bari,41.1177,16.8512,102.54,37,0,6.91,IT,1689960073
286,karratha,-20.7377,116.8463,68.85,38,0,13.24,AU,1689960110
287,waddan,29.1614,16.139,100.27,12,0,14.88,LY,1689960110
288,port shepstone,-30.7414,30.455,63.01,69,85,21.36,ZA,1689960111
289,baiao,-2.7906,-49.6717,93.6,29,4,5.79,BR,1689960111
290,faxinal,-24.0003,-51.3194,74.34,52,0,8.05,BR,1689960090
291,khandyga,62.6667,135.6,55.11,96,100,2.28,RU,1689960016
292,jamjamal,35.5365,44.8317,93.29,11,0,9.28,IQ,1689960111
293,vegreville,53.5001,-112.0518,74.1,60,10,2.3,CA,1689960111
294,vernon,50.2581,-119.2691,87.3,28,66,3.44,CA,1689960020
295,royse city,32.9751,-96.3325,97.61,44,0,3.44,US,1689960112
296,kananga,-5.8958,22.4178,84.49,22,36,4.18,CD,1689960112
297,ta`u,-14.2336,-169.5144,80.28,84,31,8.7,AS,1689959991
298,tejen,37.3834,60.5054,91.94,13,0,9.91,TM,1689960112
299,maxixe,-23.8597,35.3472,67.82,68,40,8.05,MZ,1689960112
300,ambon,-3.6954,128.1814,79.88,95,40,4.61,ID,1689960112
301,bosanska krupa,44.8825,16.1514,83.97,67,27,0.45,BA,1689960113
302,hasaki,35.7333,140.8333,76.3,87,3,9.53,JP,1689960012
303,kingston,17.997,-76.7936,97.25,62,20,26.46,JM,1689960018
304,gornopravdinsk,60.05,69.9,61.93,90,75,5.14,RU,1689960113
305,klaksvik,62.2266,-6.589,56.32,92,32,10.38,FO,1689960113
306,praia da vitoria,38.7333,-27.0667,71.85,94,75,2.04,PT,1689959940
307,takoradi,4.8845,-1.7554,79.14,80,55,12.1,GH,1689960114
308,karachi,24.9056,67.0822,87.62,79,40,6.91,PK,1689959837
309,muynoq,43.7683,59.0214,83.98,38,61,9.28,UZ,1689960114
310,sao vicente,-23.9631,-46.3919,82.58,47,20,6.91,BR,1689960114
311,plastun,44.7561,136.2939,62.58,85,36,3.09,RU,1689960114
312,salalah,17.0151,54.0924,78.89,100,100,6.91,OM,1689960115
313,konarka,19.9,86.1167,82.8,87,95,9.82,IN,1689960115
314,kapuskasing,49.4169,-82.4331,66.29,52,40,8.05,CA,1689959855
315,narrabri,-30.3167,149.7833,38.52,87,0,6.96,AU,1689960115
316,kara-balta,42.8142,73.8481,76.51,44,55,8.48,KG,1689960115
317,tidjikja,18.5564,-11.4271,103.32,16,19,11.07,MR,1689960115
318,palmer,42.1584,-72.3287,80.65,70,100,6.91,US,1689960115
319,codrington,-38.2667,141.9667,48.04,84,99,11.14,AU,1689959803
320,ludvika,60.1496,15.1878,58.8,78,86,4.05,SE,1689960116
321,mildura,-34.2,142.15,45.07,84,5,5.91,AU,1689960116
322,ishurdi,24.1333,89.0833,81.97,87,96,11.86,BD,1689960116
323,severnoye,56.3491,78.3619,64.42,87,52,4.7,RU,1689960116
324,huinca renanco,-34.8404,-64.3758,67.48,43,100,4.65,AR,1689960116
325,cole harbour,44.6724,-63.4751,72.82,92,78,11.5,CA,1689960116
326,muroto-misakicho,33.2833,134.15,78.08,88,2,4.52,JP,1689960117
327,severo-yeniseyskiy,60.3725,93.0408,61.16,61,53,4.43,RU,1689959925
328,gorontalo,0.5412,123.0595,74.66,94,52,4.94,ID,1689960117
329,cooma,-36.2333,149.1333,29.17,92,8,2.33,AU,1689960117
330,vilyuysk,63.7553,121.6247,54.0,87,8,3.29,RU,1689960117
331,pisco,-13.7,-76.2167,67.01,88,75,8.05,PE,1689959981
332,amungan,15.3652,119.9582,81.21,81,73,3.8,PH,1689960019
333,brokopondo,4.75,-55.1667,85.59,61,34,1.39,SR,1689960118
334,kristiansund,63.1115,7.732,59.05,76,75,5.75,NO,1689960118
335,east london,-33.0153,27.9116,58.14,72,0,10.36,ZA,1689959965
336,puerto baquerizo moreno,-0.9,-89.6,83.39,70,40,9.22,EC,1689960118
337,polyarnyy,69.1989,33.4478,48.81,82,98,18.07,RU,1689960080
338,labrador city,52.9463,-66.9114,67.91,49,75,16.11,CA,1689960265
339,boende,-0.2167,20.8667,83.3,55,92,0.6,CD,1689960012
340,vorgashor,67.5833,63.95,68.31,74,76,4.16,RU,1689959928
341,nago,26.5881,127.9761,84.45,84,74,7.61,JP,1689960119
342,nchelenge,-9.3451,28.734,72.97,50,11,3.74,ZM,1689960119
343,mkushi,-13.6202,29.3939,64.4,55,5,9.6,ZM,1689960119
344,mangualde,40.6043,-7.7612,78.75,49,2,11.79,PT,1689960119
345,belmonte,-15.8631,-38.8828,73.4,84,94,16.75,BR,1689960119
346,viitasaari,63.0667,25.8667,59.94,89,100,4.12,FI,1689960119
347,viqueque,-8.8673,126.3658,72.57,75,47,1.95,TL,1689960120
348,oliver,49.1831,-119.5524,82.65,39,36,1.14,CA,1689959874
349,nouadhibou,20.931,-17.0347,76.98,69,1,25.32,MR,1689960120
350,kapa'a,22.0752,-159.319,80.92,86,75,18.41,US,1689960053
351,bardai,11.65,7.2333,79.45,57,100,3.42,NG,1689960120
352,tiznit,29.5833,-9.5,86.49,37,0,7.96,MA,1689960120
353,igarka,67.4667,86.5833,65.12,67,79,9.37,RU,1689960120
354,leo,11.1,-2.1,86.9,55,93,7.99,BF,1689960121
355,ad-damazin,11.7891,34.3592,81.36,69,89,9.26,SD,1689960121
356,bodo,67.28,14.405,59.77,88,75,4.61,NO,1689960121
357,tomatlan,19.9333,-105.25,95.68,42,54,3.53,MX,1689959970
358,ron phibun,8.1791,99.8542,74.64,93,98,2.82,TH,1689960121
359,paita,-5.0892,-81.1144,76.39,67,17,13.0,PE,1689960121
360,ongjin,37.9347,125.3619,73.81,75,73,5.12,KP,1689960122
361,nadi,-17.8,177.4167,68.0,94,20,5.75,FJ,1689960270
362,isla mujeres,21.2311,-86.731,89.65,67,62,9.57,MX,1689960122
363,ancud,-41.8697,-73.8203,50.38,89,99,20.51,CL,1689960122
364,dauphin,51.1494,-100.0502,75.34,60,0,10.36,CA,1689960123
365,hammerfest,70.6634,23.6821,54.05,76,0,14.97,NO,1689959927
366,isafjordur,66.0755,-23.124,50.04,81,75,9.22,IS,1689959971
367,broome,42.2506,-75.833,76.19,79,100,8.05,US,1689959811
368,novospasskoye,53.1468,47.7514,60.82,94,100,14.54,RU,1689960124
369,luderitz,-26.6481,15.1594,60.03,52,1,4.05,NA,1689959930
370,tataouine,32.9297,10.4518,106.07,9,0,16.15,TN,1689960124
371,ad dabbah,18.05,30.95,103.8,9,64,5.91,SD,1689960124
372,menaka,15.9182,2.4022,100.44,29,92,4.38,ML,1689960124
373,prado,-17.3411,-39.2208,74.57,72,96,15.86,BR,1689959853
374,lisala,2.15,21.5167,80.73,68,92,2.51,CD,1689960125
375,ituango,7.1712,-75.764,79.65,51,100,2.46,CO,1689960125
376,nova vicosa,-17.8919,-39.3719,74.14,68,100,15.12,BR,1689959986
377,tadine,-21.55,167.8833,67.28,66,100,7.94,NC,1689960125
378,les cayes,18.2,-73.75,88.29,62,52,12.48,HT,1689960126
379,tuy hoa,13.0833,109.3,78.8,91,100,2.1,VN,1689960126
380,childress,34.4264,-100.204,84.45,48,0,9.46,US,1689960126
381,callao,-12.0667,-77.15,71.89,68,75,12.66,PE,1689959999
382,ebon,4.582,168.6964,78.6,91,100,18.41,MH,1689960076
383,el galpon,-25.3807,-64.6526,84.9,32,22,9.95,AR,1689960127
384,kiama,-34.6833,150.8667,51.01,72,20,3.0,AU,1689960127
385,surovikino,48.6078,42.8486,69.76,83,55,3.78,RU,1689960128
386,gaspe,48.8334,-64.4819,75.42,69,20,10.36,CA,1689960128
387,guasdualito,7.2424,-70.7324,81.32,84,72,3.85,VE,1689960128
388,port hedland,-20.3167,118.5667,64.45,36,0,6.91,AU,1689960129
389,tamandare,-8.7597,-35.1047,79.59,56,6,12.55,BR,1689960129
390,kununurra,-15.7667,128.7333,60.78,82,4,0.0,AU,1689960129
391,uddevalla,58.3478,11.9424,63.0,68,57,7.0,SE,1689960130
392,undurkhaan,47.3194,110.6556,58.26,83,86,3.06,MN,1689960130
393,moires,35.0532,24.8744,91.11,33,0,2.17,GR,1689960130
394,ghat,24.9647,10.1728,100.99,8,0,11.86,LY,1689959927
395,singkil,-7.9855,111.4161,68.9,90,3,5.26,ID,1689960131
396,san fernando,15.0286,120.6898,80.33,89,52,2.77,PH,1689960131
397,nar'yan-mar,67.6713,53.087,55.04,85,79,16.6,RU,1689959994
398,kondratovo,57.9804,56.1066,59.29,87,0,0.0,RU,1689960131
399,sungailiat,-1.85,106.1333,79.43,84,84,8.46,ID,1689960131
400,kailua-kona,19.6406,-155.9956,82.6,91,100,4.0,US,1689960132
401,port saint john's,-31.6229,29.5448,61.57,69,98,16.13,ZA,1689960132
402,el parral,16.3675,-93.0058,83.68,60,72,1.61,MX,1689960132
403,tsarevo,42.1667,27.85,77.02,78,0,7.43,BG,1689960132
404,urambo,-5.0667,32.05,74.68,27,1,5.88,TZ,1689960133
405,kone,-21.0595,164.8658,60.26,81,43,0.51,NC,1689960133
406,cowra,-33.8333,148.6833,33.73,94,0,2.48,AU,1689960133
407,ha'il,27.5219,41.6907,98.62,11,0,9.22,SA,1689960133
408,la cruz,23.9167,-106.9,89.55,65,16,5.91,MX,1689960133
409,palmas,-10.2128,-48.3603,87.67,33,0,10.36,BR,1689959869
410,namibe,-15.1961,12.1522,65.14,84,66,7.99,AO,1689959928
411,huarmey,-10.0681,-78.1522,73.02,70,56,10.87,PE,1689960134
412,villa maria grande,-31.6656,-59.9018,79.77,49,100,19.46,AR,1689960134
413,kismayo,-0.3582,42.5454,77.13,85,13,18.12,SO,1689960135
414,san andres,12.5847,-81.7006,89.62,74,20,12.66,CO,1689960135
415,kralendijk,12.15,-68.2667,87.78,70,40,24.16,BQ,1689960135
416,alice springs,-23.7,133.8833,38.75,87,0,4.61,AU,1689960135
417,mesyagutovo,55.5303,58.2528,63.43,64,64,6.89,RU,1689960136
418,nema,57.5067,50.5011,63.72,64,92,5.06,RU,1689960136
419,hulyaypole,47.6653,36.2578,74.35,46,6,8.55,UA,1689960136
420,nicoya,10.1483,-85.452,88.5,64,89,3.51,CR,1689960136
421,tolanaro,-25.0319,46.9987,66.27,77,75,11.5,MG,1689960036
422,dwarka,22.2394,68.9678,82.81,88,100,16.84,IN,1689960136
423,chegdomyn,51.1167,133.0167,57.7,74,95,2.13,RU,1689960137
424,freetown,8.484,-13.2299,80.24,80,99,11.03,SL,1689960137
425,mana,5.6592,-53.7767,83.77,73,19,9.04,GF,1689960137
426,nagqu,31.5,92.0,39.45,58,2,4.43,CN,1689959938
427,vila velha,-20.3297,-40.2925,73.35,71,75,10.36,BR,1689960138
428,luanco,43.6152,-5.7934,73.02,73,31,5.17,ES,1689960138
429,dudinka,69.4058,86.1778,69.62,66,100,9.91,RU,1689959992
430,canavieiras,-15.675,-38.9472,72.07,89,97,12.93,BR,1689960138
431,arawa,-6.2132,155.5367,76.21,97,100,3.67,PG,1689960139
432,taulaga,-11.0553,-171.0883,82.56,78,96,7.09,AS,1689960139
433,vredendal,-31.6683,18.5012,57.02,42,8,3.36,ZA,1689960139
434,kirakira,-10.4544,161.9205,77.85,88,98,1.72,SB,1689960054
435,la ceiba,15.7597,-86.7822,85.82,74,40,10.36,HN,1689960144
436,minas de marcona,-15.2119,-75.1103,65.7,56,5,13.31,PE,1689960145
437,ji'an,27.1172,114.9793,80.65,87,100,4.27,CN,1689960145
438,champerico,14.3,-91.9167,93.74,65,47,5.93,GT,1689960145
439,funafuti,-8.5243,179.1942,83.01,72,97,3.36,TV,1689960145
440,villa gesell,-37.2639,-56.973,69.06,80,100,16.64,AR,1689960146
441,kyzyl-suu,42.3414,78.0056,63.03,72,18,6.26,KG,1689960146
442,aswan,24.0934,32.907,103.3,9,42,11.1,EG,1689960035
443,kargalinskaya,43.7417,46.4792,78.67,48,17,8.37,RU,1689960146
444,nueva gerona,21.8833,-82.8,90.05,62,81,11.34,CU,1689960147
445,masterton,-40.9597,175.6575,43.88,92,92,9.95,NZ,1689960147
446,tsetserleg,47.475,101.4542,55.2,92,100,3.06,MN,1689960147
447,dakhla,23.6848,-15.958,77.02,69,1,33.38,EH,1689960280
448,san bernardo del viento,9.3533,-75.9524,89.33,68,98,6.17,CO,1689960148
449,kavieng,-2.5744,150.7967,80.74,81,83,5.26,PG,1689960148
450,cape canaveral,28.4058,-80.6048,96.21,66,20,8.05,US,1689960017
451,piti village,13.4626,144.6933,83.28,90,20,8.05,GU,1689960149
452,brookings,44.3114,-96.7984,77.18,63,28,4.9,US,1689960046
453,untergriesbach,48.5743,13.6673,67.64,94,100,1.99,DE,1689960149
454,ma'rib,15.4591,45.3253,94.77,10,95,8.12,YE,1689960149
455,staraya russa,57.9944,31.3608,64.54,58,87,6.11,RU,1689960149
456,maceio,-9.6658,-35.7353,81.84,65,75,17.27,BR,1689959982
457,baie-comeau,49.2168,-68.1489,64.08,77,100,6.91,CA,1689960150
458,zest'aponi,42.11,43.0525,73.51,98,89,2.51,GE,1689960150
459,antalaha,-14.9003,50.2788,71.26,86,87,10.71,MG,1689960150
460,muisne,0.6,-80.0333,83.08,74,51,8.77,EC,1689960151
461,naze,28.3667,129.4833,79.72,80,100,5.79,JP,1689959996
462,wuchuan,21.4571,110.7659,80.29,90,94,6.08,CN,1689960151
463,lerma,42.0261,-3.7598,72.16,24,60,11.21,ES,1689960152
464,ornskoldsvik,63.2909,18.7153,65.35,72,92,9.22,SE,1689960152
465,rongelap,11.1635,166.8941,83.14,78,66,17.98,MH,1689959813
466,belyy yar,53.6039,91.3903,60.69,94,0,0.0,RU,1689959917
467,dzialoszyn,51.117,18.8652,72.75,46,58,5.32,PL,1689960153
468,aldan,58.6031,125.3894,53.08,98,100,5.7,RU,1689960153
469,bratsk,56.1325,101.6142,64.89,71,0,3.47,RU,1689960153
470,selebi-phikwe,-21.979,27.8498,55.15,82,100,15.1,BW,1689960153
471,guelendeng,10.9176,15.5501,92.32,41,27,5.1,TD,1689960154
472,chernyshevsk,52.5243,117.0174,60.91,53,100,8.19,RU,1689960154
473,porto novo,6.4965,2.6036,78.62,77,100,10.83,BJ,1689960052
474,umm kaddadah,13.6017,26.6876,98.53,25,32,8.08,SD,1689960154
475,cacule,-14.5033,-42.2222,69.28,72,100,10.85,BR,1689960154
476,yuzhno-kurilsk,44.0306,145.8556,57.81,97,57,8.88,RU,1689960018
477,west bay,19.3667,-81.4167,93.27,78,20,16.11,KY,1689960155
478,benito juarez,19.385,-99.165,71.01,52,40,4.61,MX,1689960155
479,pacasmayo,-7.4006,-79.5714,73.6,73,56,15.21,PE,1689960156
480,demerval lobao,-5.3583,-42.6764,90.81,23,0,8.12,BR,1689960156
481,santa ana,33.7456,-117.8678,95.41,72,75,16.11,US,1689960124
482,ibarreta,-25.2144,-59.8585,94.41,26,13,18.81,AR,1689960156
483,kyren,51.6828,102.1408,56.5,86,12,2.1,RU,1689960156
484,naryn,41.4287,75.9911,63.79,62,88,6.6,KG,1689960156
485,guarapari,-20.6667,-40.4975,71.89,67,98,6.31,BR,1689960047
486,whitemarsh island,32.0288,-81.0168,94.01,59,40,17.27,US,1689960157
487,dzilam gonzalez,21.2833,-88.9333,94.71,47,93,5.06,MX,1689960157
488,atherton,53.5237,-2.4935,66.34,67,97,5.01,GB,1689960157
489,prince rupert,54.3161,-130.3201,60.49,86,100,9.22,CA,1689959997
490,lensk,60.7253,114.9278,61.41,86,71,5.08,RU,1689960157
491,pointe-noire,-4.7761,11.8635,72.63,79,6,10.31,CG,1689960158
492,new norfolk,-42.7826,147.0587,45.72,88,79,3.22,AU,1689959991
493,saint-louis,16.3333,-15.0,100.87,28,43,10.78,SN,1689960158
494,djambala,-2.5447,14.7533,85.69,32,77,6.04,CG,1689960158
495,grabovo,53.3875,45.064,58.57,94,87,0.47,RU,1689960158
496,vila do maio,15.1333,-23.2167,88.59,79,67,11.77,CV,1689960159
497,nazarovo,56.0064,90.3914,60.76,92,70,5.1,RU,1689960159
498,benjamin constant,-4.3831,-70.0311,87.93,70,75,3.44,BR,1689960072
499,isla cristina,37.2,-7.3167,89.38,35,2,13.98,ES,1689960159
500,new plymouth,-39.0667,174.0833,49.8,71,58,16.75,NZ,1689959923
501,nuuk,64.1835,-51.7216,45.21,100,75,15.01,GL,1689960159
502,fredericksburg,38.3032,-77.4605,89.44,62,75,6.91,US,1689959922
503,butte,39.6499,-121.5677,98.98,29,0,4.38,US,1689960160
504,opuwo,-18.0607,13.84,67.86,16,0,2.08,NA,1689960160
505,amnat charoen,15.9167,104.75,79.25,84,87,5.12,TH,1689960160
506,port blair,11.6667,92.75,82.44,89,75,6.91,IN,1689959982
507,el bauga,18.262,33.9081,103.86,9,59,7.05,SD,1689960161
508,saint-felicien,48.6501,-72.4491,70.48,73,100,2.3,CA,1689960161
509,tchibanga,-2.85,11.0333,75.83,66,100,8.68,GA,1689960161
510,lompoc,34.6391,-120.4579,73.54,100,40,0.0,US,1689959979
511,boa vista,2.8197,-60.6733,84.18,65,75,5.75,BR,1689959954
512,salinera colan,-5.0333,-81.0667,80.2,58,19,11.86,PE,1689960161
513,al hayy,32.1735,46.0433,106.83,6,0,16.58,IQ,1689960161
514,mitsamiouli,-11.3847,43.2844,79.39,75,54,10.36,KM,1689960162
515,sunel,24.3667,75.9667,89.24,61,85,1.01,IN,1689960162
516,romans-sur-isere,45.0464,5.0562,84.83,45,0,19.57,FR,1689960162
517,heunghae,36.1125,129.3522,70.56,94,5,0.47,KR,1689960162
518,oodweyne,9.4092,45.064,82.62,37,93,21.14,SO,1689960162
519,armidale,-30.5167,151.65,35.28,97,74,2.35,AU,1689960162
520,wad az zaki,14.4619,32.2065,99.55,26,76,7.83,SD,1689960163
521,thanh hoa,19.8,105.7667,79.56,89,20,2.28,VN,1689960163
522,ngambe,4.2333,10.6167,72.23,97,100,3.67,CM,1689960163
523,kangaba,11.9333,-8.4167,93.92,39,84,6.96,ML,1689960163
524,miquelon,47.0975,-56.3814,62.6,99,100,10.49,PM,1689960163
525,terenos,-20.4422,-54.8603,89.31,33,0,17.27,BR,1689960163
526,arica,-18.475,-70.3042,71.15,63,40,10.36,CL,1689959864
527,tucuma,-0.1833,-50.05,88.02,52,10,6.38,BR,1689960164
528,sorong,-0.8833,131.25,78.8,86,80,13.22,ID,1689960164
529,tarawa,1.419,172.984,78.89,94,75,2.3,KI,1689960164
530,bethanie,-26.4833,17.15,61.16,11,0,10.18,NA,1689960164
531,bel ombre,-4.6167,55.4167,78.64,78,20,9.22,SC,1689960164
532,warrenpoint,54.0995,-6.2509,59.09,88,100,5.3,GB,1689960165
533,ak-suu,42.4995,78.527,62.24,67,30,4.43,KG,1689960021
534,trinidad,-14.8333,-64.9,89.58,48,0,4.61,BO,1689960165
535,glendive,47.1053,-104.7125,83.82,30,40,9.22,US,1689960165
536,arua,3.0201,30.9111,70.83,72,69,4.09,UG,1689960166
537,zhangye,38.9342,100.4517,74.62,21,38,5.99,CN,1689960155
538,nasriganj,25.05,84.3333,92.05,55,46,13.91,IN,1689960166
539,okha,53.5739,142.9478,57.45,99,100,5.03,RU,1689960166
540,wenling,28.3669,121.36,81.52,89,100,11.77,CN,1689960166
541,fisterra,42.9049,-9.2629,76.75,77,1,18.5,ES,1689960166
542,kasongo-lunda,-6.4667,16.8167,83.89,33,76,1.32,CD,1689960167
543,martapura,-3.4167,114.85,77.09,100,40,2.3,ID,1689960167
544,san francisco,37.7749,-122.4194,86.86,73,20,11.5,US,1689960113
545,katsuura,35.1333,140.3,73.92,89,62,10.71,JP,1689960167
546,san pedro arriba,19.4822,-99.5658,64.42,72,75,8.05,MX,1689960167
547,thongwa,16.7619,96.5278,79.47,88,100,7.02,MM,1689960167
548,tatarsk,55.219,75.9828,67.44,75,67,6.76,RU,1689960167
549,layyah,30.9613,70.939,104.63,35,54,3.44,PK,1689960168
550,pionerskiy,54.9508,20.2275,66.04,64,42,8.79,RU,1689959821
551,pavlogradka,54.2024,73.5592,64.99,83,80,7.78,RU,1689960168
552,hirara,24.8,125.2833,82.67,83,20,6.91,JP,1689960168
553,mawlamyinegyunn,16.3833,95.2667,79.36,90,100,5.61,MM,1689960168
554,north haven,41.3909,-72.8595,83.25,82,75,11.5,US,1689960168
555,klamath falls,42.2249,-121.7817,78.49,44,0,3.44,US,1689959894
556,mudanjiang,44.5833,129.6,70.27,91,34,1.61,CN,1689960169
557,kalianget,-7.05,113.9333,78.3,71,2,9.78,ID,1689960169
558,kiunga,-6.1219,141.2906,73.06,97,100,3.62,PG,1689960169
559,kandahar,31.0,65.75,90.64,14,48,11.41,AF,1689960169
560,san pedro pochutla,15.7333,-96.4667,94.71,48,34,5.79,MX,1689959996
561,island harbour,50.724,-1.2758,69.31,69,85,5.99,GB,1689960169
562,shushtar,32.0455,48.8567,107.15,5,0,4.03,IR,1689960170
563,chacabuco,-34.6417,-60.4739,70.83,72,100,15.5,AR,1689960170
564,gadzhiyevo,69.2551,33.3362,48.33,83,100,18.28,RU,1689959936
565,porto torres,40.835,8.3972,84.38,66,37,9.37,IT,1689960170
566,balakhta,55.38,91.6,59.45,92,56,3.83,RU,1689960170
567,ambalavao,-21.8333,46.9333,58.33,92,82,7.31,MG,1689960170
568,kratie,12.4881,106.0188,75.15,99,100,4.34,KH,1689960171
569,chul'man,56.8479,124.9104,52.63,97,99,2.44,RU,1689960171
570,lata,40.1629,-8.3327,72.07,44,19,11.54,PT,1689960171
571,cabedelo,-6.9811,-34.8339,84.87,68,11,19.44,BR,1689959872
572,peschanokopskoye,46.1961,41.0775,76.82,52,18,7.36,RU,1689960171
573,le puy-en-velay,45.0437,3.8852,74.7,40,22,8.9,FR,1689960171
574,magadan,59.5667,150.8,49.53,96,70,7.25,RU,1689960171
575,grantham,52.9115,-0.6418,66.0,78,94,5.75,GB,1689960172
576,arteche,12.2645,125.4048,78.48,92,69,5.73,PH,1689960172
577,vadso,70.0744,29.7487,49.08,76,75,16.11,NO,1689960172
578,nantucket,41.2835,-70.0995,74.08,88,40,9.22,US,1689960014
579,katsuren-haebaru,26.3369,127.8719,84.4,74,80,9.73,JP,1689960172
580,cuatro cienegas de carranza,26.9833,-102.0833,90.0,35,49,6.29,MX,1689960173
581,tarrafal,15.2833,-23.7667,88.59,80,56,12.24,CV,1689960173
582,picui,-6.5106,-36.3469,82.99,36,0,18.21,BR,1689960173
583,kupang,-10.1667,123.5833,75.2,68,16,12.35,ID,1689960173
584,washington,47.5001,-120.5015,85.57,32,39,4.88,US,1689960087
